cell,binary,pair,pos,rate,think,tick_us,worker_threads,pre_vus,max_vus,cores,exit,iterations,dropped,achieved_per_s,wall_s,task_clock_ms,cycles,instructions,ctx_switches,cpu_migrations,cache_misses
r50000-0s-tick1000-wt2,base,0,warmup,50000,0s,1000,2,64,128,0-3,0,467168.0,32782.0,46716.8,11.074,1465.65,3810860172,4157885671,17296,927,44249378
r50000-0s-tick1000-wt2,cand,0,warmup,50000,0s,1000,2,64,128,0-3,0,438416.0,61462.0,43841.6,10.058,1103.32,3552073424,3553189561,13332,113,34453267
r50000-0s-tick1000-wt2,base,1,1,50000,0s,1000,2,64,128,0-3,0,488379.0,11560.0,48837.9,11.031,1840.61,4272972121,4320923835,17685,152,48458647
r50000-0s-tick1000-wt2,cand,1,2,50000,0s,1000,2,64,128,0-3,0,499956.0,0,49995.6,10.027,2873.12,4712008958,4917814618,16992,71,36656780
r50000-0s-tick1000-wt2,cand,2,1,50000,0s,1000,2,64,128,0-3,0,499930.0,0,49993.0,10.030,2721.51,4523436160,4912863263,17008,31,34894106
r50000-0s-tick1000-wt2,base,2,2,50000,0s,1000,2,64,128,0-3,0,499913.0,78.0,49991.3,11.032,2081.90,3660518576,4396692627,17942,66,30834463
r50000-0s-tick1000-wt2,base,3,1,50000,0s,1000,2,64,128,0-3,0,499989.0,2.0,49998.9,11.028,2134.61,3652818723,4390378848,17678,17,28453503
r50000-0s-tick1000-wt2,cand,3,2,50000,0s,1000,2,64,128,0-3,0,499990.0,0,49999.0,10.024,3184.12,4724216859,4942333291,17047,12,34901747
r50000-0s-tick1000-wt2,cand,4,1,50000,0s,1000,2,64,128,0-3,0,499951.0,0,49995.1,10.027,3161.89,4620463788,4964820798,16736,13,36178935
r50000-0s-tick1000-wt2,base,4,2,50000,0s,1000,2,64,128,0-3,0,499983.0,3.0,49998.3,11.029,2205.13,3684540717,4397215135,17428,6,29791646
r50000-0s-tick1000-wt2,base,5,1,50000,0s,1000,2,64,128,0-3,0,499954.0,7.0,49995.4,11.030,2112.08,3660368147,4370930516,17432,4,28265930
r50000-0s-tick1000-wt2,cand,5,2,50000,0s,1000,2,64,128,0-3,0,499954.0,0,49995.4,10.028,2123.09,4377188106,4806189994,17555,3,29734695
r150000-0s-tick1000-wt2,base,0,warmup,150000,0s,1000,2,64,128,0-3,0,603484.0,896419.0,60348.4,11.029,2739.59,4703271315,5892247170,17114,5,43592918
r150000-0s-tick1000-wt2,cand,0,warmup,150000,0s,1000,2,64,128,0-3,0,1047517.0,452444.0,104751.7,10.032,4342.36,6438170129,6782615455,14992,4,58432349
r150000-0s-tick1000-wt2,base,1,1,150000,0s,1000,2,64,128,0-3,0,601043.0,898856.0,60104.3,11.028,2633.33,4667004009,5875923979,17205,6,41100008
r150000-0s-tick1000-wt2,cand,1,2,150000,0s,1000,2,64,128,0-3,0,1059724.0,440205.0,105972.4,10.030,4043.66,6346077146,6857462192,15288,6,57528284
r150000-0s-tick1000-wt2,cand,2,1,150000,0s,1000,2,64,128,0-3,0,1058345.0,441508.0,105834.5,10.029,4140.15,6315044845,6883764228,15149,5,58235544
r150000-0s-tick1000-wt2,base,2,2,150000,0s,1000,2,64,128,0-3,0,602425.0,897450.0,60242.5,11.030,3156.26,4662999163,5889408178,16558,8,44303276
r150000-0s-tick1000-wt2,base,3,1,150000,0s,1000,2,64,128,0-3,0,599736.0,900181.0,59973.6,11.030,2716.48,4786936726,5863054168,17146,5,41497911
r150000-0s-tick1000-wt2,cand,3,2,150000,0s,1000,2,64,128,0-3,0,1067643.0,432163.0,106764.3,10.028,3800.71,6434089339,6879200416,15543,4,55429311
r150000-0s-tick1000-wt2,cand,4,1,150000,0s,1000,2,64,128,0-3,0,1051646.0,448318.0,105164.6,10.029,4296.97,6455868812,6799511778,15058,4,57979952
r150000-0s-tick1000-wt2,base,4,2,150000,0s,1000,2,64,128,0-3,0,599602.0,900298.0,59960.2,11.029,3186.61,4665117771,5888176916,16512,4,43997551
r150000-0s-tick1000-wt2,base,5,1,150000,0s,1000,2,64,128,0-3,0,601568.0,898321.0,60156.8,11.029,3074.12,4599206765,5893946885,16610,3,43091913
r150000-0s-tick1000-wt2,cand,5,2,150000,0s,1000,2,64,128,0-3,0,1053336.0,446610.0,105333.6,10.029,4188.43,6436463809,6824947661,15134,4,56691227
r250000-0s-tick1000-wt2,base,0,warmup,250000,0s,1000,2,64,128,0-3,0,654486.0,1845363.0,65448.6,11.026,3660.67,5379144916,7252667172,16234,2,53699632
r250000-0s-tick1000-wt2,cand,0,warmup,250000,0s,1000,2,64,128,0-3,0,1049819.0,1449900.0,104981.9,10.026,4390.50,6556679068,6760393981,14947,9,57987733
r250000-0s-tick1000-wt2,base,1,1,250000,0s,1000,2,64,128,0-3,0,654371.0,1845536.0,65437.1,11.028,3401.28,5524004145,7264000369,16432,3,49575074
r250000-0s-tick1000-wt2,cand,1,2,250000,0s,1000,2,64,128,0-3,0,1065705.0,1434096.0,106570.5,10.029,4104.19,6275457753,6885484392,15225,2,57079420
r250000-0s-tick1000-wt2,cand,2,1,250000,0s,1000,2,64,128,0-3,0,1061597.0,1438196.0,106159.7,10.029,4060.37,6312651424,6855475630,15240,0,56886821
r250000-0s-tick1000-wt2,base,2,2,250000,0s,1000,2,64,128,0-3,0,659455.0,1840326.0,65945.5,11.028,3386.71,5734596009,7298712359,16493,2,49496923
r250000-0s-tick1000-wt2,base,3,1,250000,0s,1000,2,64,128,0-3,0,645811.0,1854045.0,64581.1,11.031,2886.28,5552379104,7221670622,17025,4,48262497
r250000-0s-tick1000-wt2,cand,3,2,250000,0s,1000,2,64,128,0-3,0,1065243.0,1434560.0,106524.3,10.028,4213.10,6412010882,6863361509,15133,2,58468393
r250000-0s-tick1000-wt2,cand,4,1,250000,0s,1000,2,64,128,0-3,0,1065577.0,1434229.0,106557.7,10.029,3903.18,6343233397,6878638822,15434,2,55509003
r250000-0s-tick1000-wt2,base,4,2,250000,0s,1000,2,64,128,0-3,0,655873.0,1844033.0,65587.3,11.027,3236.83,5764775465,7285702889,16652,8,50242483
r250000-0s-tick1000-wt2,base,5,1,250000,0s,1000,2,64,128,0-3,0,662904.0,1837018.0,66290.4,11.028,3515.52,5760756985,7327588716,16368,2,52074706
r250000-0s-tick1000-wt2,cand,5,2,250000,0s,1000,2,64,128,0-3,0,1052641.0,1447241.0,105264.1,10.029,4335.77,6541840534,6789092623,14994,7,56725555
r50000-1ms-tick1000-wt2,base,0,warmup,50000,1ms,1000,2,512,1024,0-3,0,499909.0,0,49990.9,11.028,1864.16,3019018336,3896594575,17609,4,33247573
r50000-1ms-tick1000-wt2,cand,0,warmup,50000,1ms,1000,2,512,1024,0-3,0,499904.0,0,49990.4,10.030,3857.35,8085111560,8013987766,15774,3,89552261
r50000-1ms-tick1000-wt2,base,1,1,50000,1ms,1000,2,512,1024,0-3,0,499929.0,0,49992.9,11.030,2027.17,2951537629,3915333952,17424,8,33460761
r50000-1ms-tick1000-wt2,cand,1,2,50000,1ms,1000,2,512,1024,0-3,0,499928.0,0,49992.8,10.030,4379.11,7243283417,7652012623,15139,4,86978108
r50000-1ms-tick1000-wt2,cand,2,1,50000,1ms,1000,2,512,1024,0-3,0,499922.0,0,49992.2,10.029,4052.54,7678648100,7849245221,15485,10,87264109
r50000-1ms-tick1000-wt2,base,2,2,50000,1ms,1000,2,512,1024,0-3,0,499902.0,0,49990.2,11.030,1768.08,2877356143,3872977075,17603,7,33012865
r50000-1ms-tick1000-wt2,base,3,1,50000,1ms,1000,2,512,1024,0-3,0,499889.0,0,49988.9,11.029,1851.68,2883619017,3891682185,17563,5,33720975
r50000-1ms-tick1000-wt2,cand,3,2,50000,1ms,1000,2,512,1024,0-3,0,499927.0,0,49992.7,10.029,3148.68,8055164334,8330043150,16146,0,87702643
r50000-1ms-tick1000-wt2,cand,4,1,50000,1ms,1000,2,512,1024,0-3,0,499904.0,0,49990.4,10.029,3496.03,7972149208,7895847557,15898,2,86861051
r50000-1ms-tick1000-wt2,base,4,2,50000,1ms,1000,2,512,1024,0-3,0,499907.0,0,49990.7,11.031,1890.80,2973608317,3901676147,17553,6,34962990
r50000-1ms-tick1000-wt2,base,5,1,50000,1ms,1000,2,512,1024,0-3,0,499925.0,0,49992.5,11.029,1719.40,2983279270,3893322702,17805,6,31254130
r50000-1ms-tick1000-wt2,cand,5,2,50000,1ms,1000,2,512,1024,0-3,0,499940.0,0,49994.0,10.027,3891.42,7744299287,7832219429,15647,7,89427282
r150000-1ms-tick1000-wt2,base,0,warmup,150000,1ms,1000,2,512,1024,0-3,0,1499798.0,0,149979.8,11.026,5236.06,7786882971,10647855682,15559,4,101927681
r150000-1ms-tick1000-wt2,cand,0,warmup,150000,1ms,1000,2,512,1024,0-3,0,1499745.0,0,149974.5,10.030,5627.01,10246323618,12356671755,14327,2,128243262
r150000-1ms-tick1000-wt2,base,1,1,150000,1ms,1000,2,512,1024,0-3,0,1499817.0,0,149981.7,11.031,5049.53,8209197155,10659983806,15824,3,101259382
r150000-1ms-tick1000-wt2,cand,1,2,150000,1ms,1000,2,512,1024,0-3,0,1499697.0,0,149969.7,10.028,6483.57,10863595571,12690150044,13768,2,133080498
r150000-1ms-tick1000-wt2,cand,2,1,150000,1ms,1000,2,512,1024,0-3,0,1499646.0,0,149964.6,10.027,5306.64,11087905497,12538264670,14864,2,132742380
r150000-1ms-tick1000-wt2,base,2,2,150000,1ms,1000,2,512,1024,0-3,0,1499732.0,0,149973.2,11.030,5043.19,7621383535,10631088871,15477,3,102826384
r150000-1ms-tick1000-wt2,base,3,1,150000,1ms,1000,2,512,1024,0-3,0,1499819.0,0,149981.9,11.031,5085.83,7823141980,10641681556,15984,5,102547215
r150000-1ms-tick1000-wt2,cand,3,2,150000,1ms,1000,2,512,1024,0-3,0,1499807.0,0,149980.7,10.029,5150.19,10580827874,12284270704,14863,2,123797540
r150000-1ms-tick1000-wt2,cand,4,1,150000,1ms,1000,2,512,1024,0-3,0,1499715.0,0,149971.5,10.028,4936.33,11121815568,12798115458,15032,2,129370128
r150000-1ms-tick1000-wt2,base,4,2,150000,1ms,1000,2,512,1024,0-3,0,1499782.0,0,149978.2,11.030,4710.77,7606638645,10655017507,15989,7,101213596
r150000-1ms-tick1000-wt2,base,5,1,150000,1ms,1000,2,512,1024,0-3,0,1499711.0,0,149971.1,11.030,5074.49,7623587976,10632639335,15702,5,101788418
r150000-1ms-tick1000-wt2,cand,5,2,150000,1ms,1000,2,512,1024,0-3,0,1499714.0,0,149971.4,10.029,4816.68,11132755391,12812004476,15129,3,126512881
r250000-1ms-tick1000-wt2,base,0,warmup,250000,1ms,1000,2,512,1024,0-3,0,2401776.0,97490.0,240177.6,11.032,8507.51,12558625406,17139919309,17409,5,172193580
r250000-1ms-tick1000-wt2,cand,0,warmup,250000,1ms,1000,2,512,1024,0-3,0,2499619.0,0,249961.9,10.029,7205.46,15153799120,19021238012,14233,2,187766740
r250000-1ms-tick1000-wt2,base,1,1,250000,1ms,1000,2,512,1024,0-3,0,2374228.0,125074.0,237422.8,11.031,8192.81,11949525431,16832944785,15442,2,169554019
r250000-1ms-tick1000-wt2,cand,1,2,250000,1ms,1000,2,512,1024,0-3,0,2499659.0,0,249965.9,10.028,7884.67,14909432802,18643781759,14062,4,189223912
r250000-1ms-tick1000-wt2,cand,2,1,250000,1ms,1000,2,512,1024,0-3,0,2499595.0,5.0,249959.5,10.031,7840.28,14817439071,18539786094,13474,0,188978998
r250000-1ms-tick1000-wt2,base,2,2,250000,1ms,1000,2,512,1024,0-3,0,2416578.0,82944.0,241657.8,11.031,8546.75,12753801459,17233663594,19325,2,178266507
r250000-1ms-tick1000-wt2,base,3,1,250000,1ms,1000,2,512,1024,0-3,0,2396357.0,103179.0,239635.7,11.030,8425.07,12564424757,17049431023,19625,4,171686992
r250000-1ms-tick1000-wt2,cand,3,2,250000,1ms,1000,2,512,1024,0-3,0,2499537.0,0,249953.7,10.029,9205.97,14128383033,18091306220,12273,4,194842970
r250000-1ms-tick1000-wt2,cand,4,1,250000,1ms,1000,2,512,1024,0-3,0,2499538.0,0,249953.8,10.030,9275.31,13928250616,18357793219,11063,7,199321488
r250000-1ms-tick1000-wt2,base,4,2,250000,1ms,1000,2,512,1024,0-3,0,2374725.0,124619.0,237472.5,11.031,7931.61,11749349370,16853231598,16233,0,169917704
r250000-1ms-tick1000-wt2,base,5,1,250000,1ms,1000,2,512,1024,0-3,0,2390980.0,108678.0,239098.0,11.032,8234.43,12340625619,17032849816,16340,3,169232178
r250000-1ms-tick1000-wt2,cand,5,2,250000,1ms,1000,2,512,1024,0-3,0,2499637.0,0,249963.7,10.030,7957.95,14587186049,19039950627,12616,3,198000043
r50000-0s-tick1000-wt16,base,0,warmup,50000,0s,1000,16,64,128,0-19,0,492597.0,7373.0,49259.7,11.033,18147.87,23164830480,11981095719,424395,4559,114174188
r50000-0s-tick1000-wt16,cand,0,warmup,50000,0s,1000,16,64,128,0-19,0,499974.0,0,49997.4,10.032,33846.60,43288831149,23324257346,966471,297,155211350
r50000-0s-tick1000-wt16,base,1,1,50000,0s,1000,16,64,128,0-19,0,490760.0,9231.0,49076.0,11.033,18521.29,23195008421,11875053079,434767,413,113485026
r50000-0s-tick1000-wt16,cand,1,2,50000,0s,1000,16,64,128,0-19,0,499953.0,0,49995.3,10.031,32468.54,42445597156,22776831211,934176,590,156119071
r50000-0s-tick1000-wt16,cand,2,1,50000,0s,1000,16,64,128,0-19,0,499908.0,0,49990.8,10.034,33141.85,42353730929,23243053578,919043,7648,161013309
r50000-0s-tick1000-wt16,base,2,2,50000,0s,1000,16,64,128,0-19,0,491199.0,8757.0,49119.9,11.032,18706.29,23537006221,12949382481,474511,793,112805478
r50000-0s-tick1000-wt16,base,3,1,50000,0s,1000,16,64,128,0-19,0,491742.0,8195.0,49174.2,11.035,18541.82,23300390292,12739620146,470421,335,115372054
r50000-0s-tick1000-wt16,cand,3,2,50000,0s,1000,16,64,128,0-19,0,499949.0,0,49994.9,10.033,33534.28,44064086985,23990379060,1012582,579,164207994
r50000-0s-tick1000-wt16,cand,4,1,50000,0s,1000,16,64,128,0-19,0,499920.0,0,49992.0,10.029,34356.75,44309108733,23627774205,973117,2535,160747789
r50000-0s-tick1000-wt16,base,4,2,50000,0s,1000,16,64,128,0-19,0,486998.0,12983.0,48699.8,11.033,18804.52,24694144837,13378053126,480959,5893,129867716
r50000-0s-tick1000-wt16,base,5,1,50000,0s,1000,16,64,128,0-19,0,490276.0,9668.0,49027.6,11.033,18903.20,24507818793,13279657021,491595,2604,125435302
r50000-0s-tick1000-wt16,cand,5,2,50000,0s,1000,16,64,128,0-19,0,499934.0,0,49993.4,10.032,22360.16,35640059526,20132724683,711796,29054,173816477
r150000-0s-tick1000-wt16,base,0,warmup,150000,0s,1000,16,64,128,0-19,0,715471.0,784412.0,71547.1,11.034,33550.21,44817400165,23604300681,869543,2714,191799580
r150000-0s-tick1000-wt16,cand,0,warmup,150000,0s,1000,16,64,128,0-19,0,944166.0,555714.0,94416.6,10.032,35513.11,45635228466,24645265146,968968,314,173653811
r150000-0s-tick1000-wt16,base,1,1,150000,0s,1000,16,64,128,0-19,0,703261.0,796575.0,70326.1,11.035,35340.66,47186273447,24575744718,926492,707,197429052
r150000-0s-tick1000-wt16,cand,1,2,150000,0s,1000,16,64,128,0-19,0,963966.0,535943.0,96396.6,10.035,31156.32,43191940759,23038639172,860007,3256,175555878
r150000-0s-tick1000-wt16,cand,2,1,150000,0s,1000,16,64,128,0-19,0,966046.0,533860.0,96604.6,10.031,33625.20,44755001863,23900886911,908633,853,171144820
r150000-0s-tick1000-wt16,base,2,2,150000,0s,1000,16,64,128,0-19,0,699375.0,800592.0,69937.5,11.033,36108.68,46267491125,24024699216,906611,124,186475754
r150000-0s-tick1000-wt16,base,3,1,150000,0s,1000,16,64,128,0-19,0,687696.0,812145.0,68769.6,11.033,37159.39,49035862454,25987304661,1002229,174,191078247
r150000-0s-tick1000-wt16,cand,3,2,150000,0s,1000,16,64,128,0-19,0,958055.0,541867.0,95805.5,10.030,35276.94,45742432677,24432037154,946735,330,171616688
r150000-0s-tick1000-wt16,cand,4,1,150000,0s,1000,16,64,128,0-19,0,956290.0,543627.0,95629.0,10.032,34079.08,44317769241,23660459152,901220,185,169922338
r150000-0s-tick1000-wt16,base,4,2,150000,0s,1000,16,64,128,0-19,0,698323.0,801527.0,69832.3,11.035,36152.76,47587337917,24889200907,941130,160,187223113
r150000-0s-tick1000-wt16,base,5,1,150000,0s,1000,16,64,128,0-19,0,693364.0,806575.0,69336.4,11.034,36352.17,47194131450,24755410542,916082,5540,190535290
r150000-0s-tick1000-wt16,cand,5,2,150000,0s,1000,16,64,128,0-19,0,955689.0,544296.0,95568.9,10.033,35054.11,45073421329,24400512588,954770,223,172597425
r250000-0s-tick1000-wt16,base,0,warmup,250000,0s,1000,16,64,128,0-19,0,708281.0,1791664.0,70828.1,11.034,37367.90,49352991505,26190693168,956393,316,198376623
r250000-0s-tick1000-wt16,cand,0,warmup,250000,0s,1000,16,64,128,0-19,0,955346.0,1544606.0,95534.6,10.034,34390.08,45081549621,23952095344,926047,262,167188666
r250000-0s-tick1000-wt16,base,1,1,250000,0s,1000,16,64,128,0-19,0,721442.0,1778276.0,72144.2,11.034,36962.07,48805167870,26058956792,933570,352,205505637
r250000-0s-tick1000-wt16,cand,1,2,250000,0s,1000,16,64,128,0-19,0,971063.0,1528654.0,97106.3,10.031,34303.12,44543256599,23912084550,912323,324,172804566
r250000-0s-tick1000-wt16,cand,2,1,250000,0s,1000,16,64,128,0-19,0,967763.0,1532205.0,96776.3,10.032,33831.94,45156839604,23845465476,910017,295,170639455
r250000-0s-tick1000-wt16,base,2,2,250000,0s,1000,16,64,128,0-19,0,719961.0,1779993.0,71996.1,11.032,37567.81,48963696512,26303983689,948645,152,199546224
r250000-0s-tick1000-wt16,base,3,1,250000,0s,1000,16,64,128,0-19,0,726174.0,1773602.0,72617.4,11.034,36694.18,49191317097,26863149738,891052,19893,212183241
r250000-0s-tick1000-wt16,cand,3,2,250000,0s,1000,16,64,128,0-19,0,948476.0,1551490.0,94847.6,10.032,35075.53,45303577407,24933416108,933045,8510,177878066
r250000-0s-tick1000-wt16,cand,4,1,250000,0s,1000,16,64,128,0-19,0,953076.0,1546758.0,95307.6,10.032,34425.02,44339682943,23799302637,897709,2160,168876445
r250000-0s-tick1000-wt16,base,4,2,250000,0s,1000,16,64,128,0-19,0,708104.0,1791778.0,70810.4,11.032,37532.13,49076257586,26191727705,938459,3104,197705357
r250000-0s-tick1000-wt16,base,5,1,250000,0s,1000,16,64,128,0-19,0,700502.0,1799348.0,70050.2,11.035,37977.68,49220112449,26145123012,947799,423,196991964
r250000-0s-tick1000-wt16,cand,5,2,250000,0s,1000,16,64,128,0-19,0,966129.0,1533653.0,96612.9,10.034,34293.13,43525630715,23470330349,883075,310,167978513
r50000-1ms-tick1000-wt16,base,0,warmup,50000,1ms,1000,16,512,1024,0-19,0,499941.0,0,49994.1,11.033,23964.28,30812541808,16420162182,590535,241,127671778
r50000-1ms-tick1000-wt16,cand,0,warmup,50000,1ms,1000,16,512,1024,0-19,0,499906.0,35.0,49990.6,10.033,89485.32,142836518727,75641390971,3313826,261,334504750
r50000-1ms-tick1000-wt16,base,1,1,50000,1ms,1000,16,512,1024,0-19,0,499901.0,0,49990.1,11.032,20559.52,26799640219,13854316515,463475,340,119367565
r50000-1ms-tick1000-wt16,cand,1,2,50000,1ms,1000,16,512,1024,0-19,0,499909.0,0,49990.9,10.031,88082.49,185429467336,94503958647,4258014,16766,425799474
r50000-1ms-tick1000-wt16,cand,2,1,50000,1ms,1000,16,512,1024,0-19,0,499905.0,0,49990.5,10.029,87878.47,188301498039,96696289173,4386356,1437,440332447
r50000-1ms-tick1000-wt16,base,2,2,50000,1ms,1000,16,512,1024,0-19,0,499900.0,0,49990.0,11.034,13676.28,18960843391,10034461438,269831,7893,110850222
r50000-1ms-tick1000-wt16,base,3,1,50000,1ms,1000,16,512,1024,0-19,0,499856.0,0,49985.6,11.031,21853.27,28702740767,15310845641,518695,2002,129455484
r50000-1ms-tick1000-wt16,cand,3,2,50000,1ms,1000,16,512,1024,0-19,0,499950.0,0,49995.0,10.035,88913.79,146280483512,77564648588,3417666,237,342121194
r50000-1ms-tick1000-wt16,cand,4,1,50000,1ms,1000,16,512,1024,0-19,0,499954.0,0,49995.4,10.034,89964.11,134097582854,71899093040,3110770,134,317858411
r50000-1ms-tick1000-wt16,base,4,2,50000,1ms,1000,16,512,1024,0-19,0,499917.0,0,49991.7,11.035,24256.92,30739734360,16377884485,585360,162,129265483
r50000-1ms-tick1000-wt16,base,5,1,50000,1ms,1000,16,512,1024,0-19,0,499904.0,0,49990.4,11.037,20773.71,26881599952,13867609659,465478,161,119171253
r50000-1ms-tick1000-wt16,cand,5,2,50000,1ms,1000,16,512,1024,0-19,0,499913.0,0,49991.3,10.033,90427.87,127955786283,69355755189,2931796,148,311229729
r150000-1ms-tick1000-wt16,base,0,warmup,150000,1ms,1000,16,512,1024,0-19,0,1346879.0,152997.0,134687.9,11.038,91869.89,152151362032,79523566985,3459187,2932,422741258
r150000-1ms-tick1000-wt16,cand,0,warmup,150000,1ms,1000,16,512,1024,0-19,0,1457443.0,42391.0,145744.3,10.034,90213.07,139935086988,73715168086,3004932,405,381251447
r150000-1ms-tick1000-wt16,base,1,1,150000,1ms,1000,16,512,1024,0-19,0,1412558.0,87171.0,141255.8,11.035,91959.91,145810059154,76653810690,3052609,380,412413675
r150000-1ms-tick1000-wt16,cand,1,2,150000,1ms,1000,16,512,1024,0-19,0,1469111.0,30426.0,146911.1,10.034,91507.71,139255629759,73838495428,2987047,151,381159782
r150000-1ms-tick1000-wt16,cand,2,1,150000,1ms,1000,16,512,1024,0-19,0,1480402.0,19461.0,148040.2,10.040,87376.92,174056704630,88215354423,3979356,24679,463594853
r150000-1ms-tick1000-wt16,base,2,2,150000,1ms,1000,16,512,1024,0-19,0,1482103.0,17510.0,148210.3,11.035,84139.56,151483749860,78884780279,3042999,17990,445907536
r150000-1ms-tick1000-wt16,base,3,1,150000,1ms,1000,16,512,1024,0-19,0,1465065.0,34637.0,146506.5,11.033,86860.95,167776882202,84612939433,3534927,4445,461336557
r150000-1ms-tick1000-wt16,cand,3,2,150000,1ms,1000,16,512,1024,0-19,0,1480650.0,18635.0,148065.0,10.033,91573.46,149604483022,78112630676,3183897,16145,406921996
r150000-1ms-tick1000-wt16,cand,4,1,150000,1ms,1000,16,512,1024,0-19,0,1459020.0,40859.0,145902.0,10.034,91680.74,131820081460,70942852410,2816701,186,374369029
r150000-1ms-tick1000-wt16,base,4,2,150000,1ms,1000,16,512,1024,0-19,0,1343030.0,156666.0,134303.0,11.036,94643.74,143201125878,75569444712,3079388,174,389495716
r150000-1ms-tick1000-wt16,base,5,1,150000,1ms,1000,16,512,1024,0-19,0,1243748.0,255950.0,124374.8,11.037,92598.84,134066186274,71488943024,2886096,349,360483241
r150000-1ms-tick1000-wt16,cand,5,2,150000,1ms,1000,16,512,1024,0-19,0,1456361.0,43383.0,145636.1,10.033,90496.19,130816275432,69913739842,2820732,139,365095818
r250000-1ms-tick1000-wt16,base,0,warmup,250000,1ms,1000,16,512,1024,0-19,0,1341260.0,1158262.0,134126.0,11.036,93200.39,150953674153,79572726588,3399907,222,421657276
r250000-1ms-tick1000-wt16,cand,0,warmup,250000,1ms,1000,16,512,1024,0-19,0,2193892.0,305686.0,219389.2,10.034,92806.33,157151887018,81402946413,3158201,742,457128887
r250000-1ms-tick1000-wt16,base,1,1,250000,1ms,1000,16,512,1024,0-19,0,1691959.0,807557.0,169195.9,11.036,93176.00,193466619627,98384392878,4109102,15071,522583927
r250000-1ms-tick1000-wt16,cand,1,2,250000,1ms,1000,16,512,1024,0-19,0,1899776.0,599304.0,189977.6,10.035,91296.58,129741162696,69961681361,2803731,166,389722667
r250000-1ms-tick1000-wt16,cand,2,1,250000,1ms,1000,16,512,1024,0-19,0,2106196.0,392789.0,210619.6,10.039,91494.83,151538213401,78421467623,3082452,19326,438379448
r250000-1ms-tick1000-wt16,base,2,2,250000,1ms,1000,16,512,1024,0-19,0,1449255.0,1049528.0,144925.5,11.036,94417.85,153445798027,80436038612,3247754,455,417438687
r250000-1ms-tick1000-wt16,base,3,1,250000,1ms,1000,16,512,1024,0-19,0,1501980.0,997295.0,150198.0,11.037,94784.95,161392860860,83906631873,3381440,9954,449188849
r250000-1ms-tick1000-wt16,cand,3,2,250000,1ms,1000,16,512,1024,0-19,0,2178764.0,320768.0,217876.4,10.035,92236.54,165513693146,84736429787,3368993,39292,468176852
r250000-1ms-tick1000-wt16,cand,4,1,250000,1ms,1000,16,512,1024,0-19,0,1997483.0,502203.0,199748.3,10.035,91353.89,127841547304,68759161167,2586837,140,377220640
r250000-1ms-tick1000-wt16,base,4,2,250000,1ms,1000,16,512,1024,0-19,0,1385465.0,1113759.0,138546.5,11.038,94799.85,150421271300,79499803880,3176770,12124,410673336
r250000-1ms-tick1000-wt16,base,5,1,250000,1ms,1000,16,512,1024,0-19,0,1488210.0,1011296.0,148821.0,11.035,94989.97,161199233280,83190555567,3414435,140,433911720
r250000-1ms-tick1000-wt16,cand,5,2,250000,1ms,1000,16,512,1024,0-19,0,1947096.0,552675.0,194709.6,10.033,91840.33,129658944221,69351353800,2673063,163,377261455
r50000-0s-tick5000-wt2,base,0,warmup,50000,0s,5000,2,64,128,0-3,0,255927.0,243868.0,25592.7,11.031,1386.86,1983330249,2426586556,8425,0,30202956
r50000-0s-tick5000-wt2,cand,0,warmup,50000,0s,5000,2,64,128,0-3,0,499754.0,0,49975.4,10.029,2389.04,3491826624,3795275211,13220,2,32535535
r50000-0s-tick5000-wt2,base,1,1,50000,0s,5000,2,64,128,0-3,0,255926.0,243857.0,25592.6,11.031,1536.85,2191706194,2473223967,8481,0,35902509
r50000-0s-tick5000-wt2,cand,1,2,50000,0s,5000,2,64,128,0-3,0,499783.0,0,49978.3,10.028,2453.24,3577024595,3779525412,12951,0,31414545
r50000-0s-tick5000-wt2,cand,2,1,50000,0s,5000,2,64,128,0-3,0,499779.0,0,49977.9,10.028,2387.98,3472663971,3782264283,13106,2,31064827
r50000-0s-tick5000-wt2,base,2,2,50000,0s,5000,2,64,128,0-3,0,255925.0,243869.0,25592.5,11.029,1446.68,2078731232,2468447522,8438,4,35702745
r50000-0s-tick5000-wt2,base,3,1,50000,0s,5000,2,64,128,0-3,0,255926.0,243845.0,25592.6,11.030,1437.14,2065716190,2455325137,8395,0,34306757
r50000-0s-tick5000-wt2,cand,3,2,50000,0s,5000,2,64,128,0-3,0,499769.0,0,49976.9,10.028,2375.44,3463971431,3785228166,13095,0,31322976
r50000-0s-tick5000-wt2,cand,4,1,50000,0s,5000,2,64,128,0-3,0,499798.0,0,49979.8,10.028,2344.78,3430937996,3797504943,13128,1,31721813
r50000-0s-tick5000-wt2,base,4,2,50000,0s,5000,2,64,128,0-3,0,255925.0,243866.0,25592.5,11.031,1444.50,2075293719,2464527002,8474,10,37107884
r50000-0s-tick5000-wt2,base,5,1,50000,0s,5000,2,64,128,0-3,0,255926.0,243876.0,25592.6,11.029,1431.82,2054390867,2469525902,8450,4,35851767
r50000-0s-tick5000-wt2,cand,5,2,50000,0s,5000,2,64,128,0-3,0,499788.0,0,49978.8,10.027,2418.19,3511676798,3791958656,12994,7,31711570
r150000-0s-tick5000-wt2,base,0,warmup,150000,0s,5000,2,64,128,0-3,0,256104.0,1243307.0,25610.4,11.030,1507.36,2166432791,3469634586,8152,2,30890075
r150000-0s-tick5000-wt2,cand,0,warmup,150000,0s,5000,2,64,128,0-3,0,1068849.0,430524.0,106884.9,10.029,3979.04,5972887429,6665589872,15329,4,60267269
r150000-0s-tick5000-wt2,base,1,1,150000,0s,5000,2,64,128,0-3,0,256071.0,1243285.0,25607.1,11.030,1500.96,2163118257,3470671905,8146,0,33857516
r150000-0s-tick5000-wt2,cand,1,2,150000,0s,5000,2,64,128,0-3,0,1060132.0,439246.0,106013.2,10.029,4060.87,6189761280,6569471786,15242,2,55855241
r150000-0s-tick5000-wt2,cand,2,1,150000,0s,5000,2,64,128,0-3,0,1071631.0,427661.0,107163.1,10.030,3931.34,6057183007,6627952766,15404,3,56461299
r150000-0s-tick5000-wt2,base,2,2,150000,0s,5000,2,64,128,0-3,0,256089.0,1243244.0,25608.9,11.031,1521.38,2184814837,3468733243,8167,4,31822539
r150000-0s-tick5000-wt2,base,3,1,150000,0s,5000,2,64,128,0-3,0,256024.0,1243455.0,25602.4,11.030,1543.18,2215868468,3471807661,8195,0,33228018
r150000-0s-tick5000-wt2,cand,3,2,150000,0s,5000,2,64,128,0-3,0,1061440.0,437835.0,106144.0,10.029,4111.62,6064557562,6592710625,15191,2,56951443
r150000-0s-tick5000-wt2,cand,4,1,150000,0s,5000,2,64,128,0-3,0,1073891.0,425458.0,107389.1,10.028,3717.25,5968450508,6670960826,15577,3,56894060
r150000-0s-tick5000-wt2,base,4,2,150000,0s,5000,2,64,128,0-3,0,256084.0,1243351.0,25608.4,11.029,1515.40,2182004410,3469030338,8184,2,31901076
r150000-0s-tick5000-wt2,base,5,1,150000,0s,5000,2,64,128,0-3,0,256106.0,1243242.0,25610.6,11.030,1541.23,2209226253,3470242718,8168,2,31453734
r150000-0s-tick5000-wt2,cand,5,2,150000,0s,5000,2,64,128,0-3,0,1069285.0,430002.0,106928.5,10.030,3976.47,6258410268,6599807046,15363,3,56698572
r250000-0s-tick5000-wt2,base,0,warmup,250000,0s,5000,2,64,128,0-3,0,259634.0,2239359.0,25963.4,11.030,1834.15,2676292026,4652913469,8156,2,27912695
r250000-0s-tick5000-wt2,cand,0,warmup,250000,0s,5000,2,64,128,0-3,0,1078118.0,1420994.0,107811.8,10.032,3905.44,6134855937,6669797591,15413,0,57922237
r250000-0s-tick5000-wt2,base,1,1,250000,0s,5000,2,64,128,0-3,0,259783.0,2239472.0,25978.3,11.031,1824.74,2662737079,4654078320,8342,2,28258268
r250000-0s-tick5000-wt2,cand,1,2,250000,0s,5000,2,64,128,0-3,0,1063253.0,1435799.0,106325.3,10.030,4018.88,5923904290,6626131763,15294,2,56678779
r250000-0s-tick5000-wt2,cand,2,1,250000,0s,5000,2,64,128,0-3,0,1073961.0,1424872.0,107396.1,10.028,4005.96,5970442258,6660795095,15321,4,58470814
r250000-0s-tick5000-wt2,base,2,2,250000,0s,5000,2,64,128,0-3,0,258956.0,2240079.0,25895.6,11.031,1846.40,2708501541,4655949332,8179,4,29279072
r250000-0s-tick5000-wt2,base,3,1,250000,0s,5000,2,64,128,0-3,0,261604.0,2237362.0,26160.4,11.030,1891.62,2756981008,4661198514,8407,2,23782738
r250000-0s-tick5000-wt2,cand,3,2,250000,0s,5000,2,64,128,0-3,0,1066748.0,1432040.0,106674.8,10.030,4180.07,6207682444,6587872207,15138,5,58787816
r250000-0s-tick5000-wt2,cand,4,1,250000,0s,5000,2,64,128,0-3,0,1059217.0,1439609.0,105921.7,10.030,4268.17,6245656800,6547822404,15032,2,58025284
r250000-0s-tick5000-wt2,base,4,2,250000,0s,5000,2,64,128,0-3,0,264529.0,2234714.0,26452.9,11.029,1963.76,2851226298,4678244024,8649,4,23333168
r250000-0s-tick5000-wt2,base,5,1,250000,0s,5000,2,64,128,0-3,0,261550.0,2237444.0,26155.0,11.030,1896.35,2751183729,4665413632,8174,6,27573186
r250000-0s-tick5000-wt2,cand,5,2,250000,0s,5000,2,64,128,0-3,0,1067567.0,1431389.0,106756.7,10.030,4122.65,6324533917,6596501751,15206,0,56934569
r50000-1ms-tick5000-wt2,base,0,warmup,50000,1ms,5000,2,512,1024,0-3,0,499785.0,0,49978.5,11.028,2228.10,3274147761,3858854639,9654,3,39221005
r50000-1ms-tick5000-wt2,cand,0,warmup,50000,1ms,5000,2,512,1024,0-3,0,499823.0,0,49982.3,10.031,2965.48,4356245185,4521185288,10063,7,52273976
r50000-1ms-tick5000-wt2,base,1,1,50000,1ms,5000,2,512,1024,0-3,0,499830.0,0,49983.0,11.030,2301.97,3365399737,3859576093,9552,0,39802675
r50000-1ms-tick5000-wt2,cand,1,2,50000,1ms,5000,2,512,1024,0-3,0,499767.0,0,49976.7,10.029,2746.99,4045836032,4524050754,9609,0,52309103
r50000-1ms-tick5000-wt2,cand,2,1,50000,1ms,5000,2,512,1024,0-3,0,499759.0,0,49975.9,10.031,2969.23,4364211655,4523970502,9676,2,53960941
r50000-1ms-tick5000-wt2,base,2,2,50000,1ms,5000,2,512,1024,0-3,0,499767.0,0,49976.7,11.029,2286.67,3340074939,3855485880,9497,0,38219897
r50000-1ms-tick5000-wt2,base,3,1,50000,1ms,5000,2,512,1024,0-3,0,499763.0,0,49976.3,11.029,2166.84,3179816453,3859982309,9433,3,38269532
r50000-1ms-tick5000-wt2,cand,3,2,50000,1ms,5000,2,512,1024,0-3,0,499824.0,0,49982.4,10.030,2811.16,4130793923,4510440484,9619,4,52520847
r50000-1ms-tick5000-wt2,cand,4,1,50000,1ms,5000,2,512,1024,0-3,0,499764.0,0,49976.4,10.030,2902.53,4287882222,4521952884,9697,3,52749008
r50000-1ms-tick5000-wt2,base,4,2,50000,1ms,5000,2,512,1024,0-3,0,499830.0,0,49983.0,11.029,2113.41,3109749699,3855910925,9197,3,38469387
r50000-1ms-tick5000-wt2,base,5,1,50000,1ms,5000,2,512,1024,0-3,0,499830.0,0,49983.0,11.031,2160.18,3171530444,3861738407,9502,4,38064401
r50000-1ms-tick5000-wt2,cand,5,2,50000,1ms,5000,2,512,1024,0-3,0,499775.0,0,49977.5,10.029,3030.62,4436457059,4533725757,9738,0,54690001
r150000-1ms-tick5000-wt2,base,0,warmup,150000,1ms,5000,2,512,1024,0-3,0,1499359.0,0,149935.9,11.030,5510.99,8213153015,10669454767,11132,4,111590039
r150000-1ms-tick5000-wt2,cand,0,warmup,150000,1ms,5000,2,512,1024,0-3,0,1499419.0,0,149941.9,10.032,6219.34,9274259050,11336348901,10643,3,135659975
r150000-1ms-tick5000-wt2,base,1,1,150000,1ms,5000,2,512,1024,0-3,0,1499377.0,0,149937.7,11.031,5327.13,7912699175,10564806855,11143,0,110037423
r150000-1ms-tick5000-wt2,cand,1,2,150000,1ms,5000,2,512,1024,0-3,0,1499358.0,0,149935.8,10.029,5564.79,8257698098,10886590426,10714,2,117558783
r150000-1ms-tick5000-wt2,cand,2,1,150000,1ms,5000,2,512,1024,0-3,0,1499309.0,0,149930.9,10.029,6100.53,9014684701,10992963402,11211,2,119791924
r150000-1ms-tick5000-wt2,base,2,2,150000,1ms,5000,2,512,1024,0-3,0,1499352.0,0,149935.2,11.032,5657.26,8396245341,10587549429,12587,2,114918823
r150000-1ms-tick5000-wt2,base,3,1,150000,1ms,5000,2,512,1024,0-3,0,1499452.0,0,149945.2,11.031,5466.46,8147994172,10613461399,10480,2,113567978
r150000-1ms-tick5000-wt2,cand,3,2,150000,1ms,5000,2,512,1024,0-3,0,1499376.0,0,149937.6,10.030,5889.60,8756327125,11008899507,11151,0,119583506
r150000-1ms-tick5000-wt2,cand,4,1,150000,1ms,5000,2,512,1024,0-3,0,1499380.0,0,149938.0,10.030,6181.03,9190634251,11207003985,11225,4,122674865
r150000-1ms-tick5000-wt2,base,4,2,150000,1ms,5000,2,512,1024,0-3,0,1499266.0,0,149926.6,11.031,5616.90,8294139513,10592624718,11175,6,110482421
r150000-1ms-tick5000-wt2,base,5,1,150000,1ms,5000,2,512,1024,0-3,0,1499415.0,0,149941.5,11.030,5422.41,8068715409,10570791893,12285,2,114587034
r150000-1ms-tick5000-wt2,cand,5,2,150000,1ms,5000,2,512,1024,0-3,0,1499393.0,0,149939.3,10.029,6112.48,9101071738,11005233110,10842,4,120891939
r250000-1ms-tick5000-wt2,base,0,warmup,250000,1ms,5000,2,512,1024,0-3,0,2042894.0,455987.0,204289.4,11.030,7708.83,11514699151,14852479038,10021,2,153951261
r250000-1ms-tick5000-wt2,cand,0,warmup,250000,1ms,5000,2,512,1024,0-3,0,2498994.0,0,249899.4,10.030,8553.95,12854894658,16285189594,10231,3,179550970
r250000-1ms-tick5000-wt2,base,1,1,250000,1ms,5000,2,512,1024,0-3,0,2043911.0,455310.0,204391.1,11.029,7021.15,10524457424,14723075702,12972,4,154223420
r250000-1ms-tick5000-wt2,cand,1,2,250000,1ms,5000,2,512,1024,0-3,0,2499001.0,0,249900.1,10.032,7432.38,11163655238,16061124062,12429,0,164861937
r250000-1ms-tick5000-wt2,cand,2,1,250000,1ms,5000,2,512,1024,0-3,0,2499244.0,0,249924.4,10.031,8229.31,12238249229,16099714404,10859,0,168896398
r250000-1ms-tick5000-wt2,base,2,2,250000,1ms,5000,2,512,1024,0-3,0,2044942.0,454061.0,204494.2,11.031,7006.14,10491101711,14780627302,10054,2,146518393
r250000-1ms-tick5000-wt2,base,3,1,250000,1ms,5000,2,512,1024,0-3,0,2043623.0,455531.0,204362.3,11.033,7536.05,11238869799,14909719374,10909,0,149066878
r250000-1ms-tick5000-wt2,cand,3,2,250000,1ms,5000,2,512,1024,0-3,0,2499008.0,0,249900.8,10.031,8523.73,12741000751,16197054533,11117,3,169748171
r250000-1ms-tick5000-wt2,cand,4,1,250000,1ms,5000,2,512,1024,0-3,0,2498846.0,0,249884.6,10.031,8431.95,12724811409,16222794101,11343,3,174937750
r250000-1ms-tick5000-wt2,base,4,2,250000,1ms,5000,2,512,1024,0-3,0,2044845.0,454039.0,204484.5,11.031,7113.95,10608943784,14716301455,13351,2,152668165
r250000-1ms-tick5000-wt2,base,5,1,250000,1ms,5000,2,512,1024,0-3,0,2046335.0,452777.0,204633.5,11.030,6929.48,10534607547,14812353193,10366,0,143634445
r250000-1ms-tick5000-wt2,cand,5,2,250000,1ms,5000,2,512,1024,0-3,0,2498886.0,0,249888.6,10.033,8379.33,12522050167,16138375021,11180,4,168619033
r50000-0s-tick5000-wt16,base,0,warmup,50000,0s,5000,16,64,128,0-19,0,255952.0,243850.0,25595.2,11.033,10363.59,13031610271,6845565311,252360,176,64460417
r50000-0s-tick5000-wt16,cand,0,warmup,50000,0s,5000,16,64,128,0-19,0,499801.0,0,49980.1,10.033,21262.42,26577167686,14022247078,552970,89,108020497
r50000-0s-tick5000-wt16,base,1,1,50000,0s,5000,16,64,128,0-19,0,255935.0,243846.0,25593.5,11.034,10181.00,12746756827,7010414659,254306,44,63077055
r50000-0s-tick5000-wt16,cand,1,2,50000,0s,5000,16,64,128,0-19,0,499805.0,0,49980.5,10.034,22685.95,28108025926,14873936521,606251,53,110847664
r50000-0s-tick5000-wt16,cand,2,1,50000,0s,5000,16,64,128,0-19,0,499823.0,0,49982.3,10.033,20957.45,26244032969,14142476932,533173,5759,112216796
r50000-0s-tick5000-wt16,base,2,2,50000,0s,5000,16,64,128,0-19,0,255951.0,243851.0,25595.1,11.034,8988.99,11547970532,6403911166,196443,7369,73148372
r50000-0s-tick5000-wt16,base,3,1,50000,0s,5000,16,64,128,0-19,0,255949.0,243877.0,25594.9,11.033,10670.83,13415486502,7082715831,255695,61,68349546
r50000-0s-tick5000-wt16,cand,3,2,50000,0s,5000,16,64,128,0-19,0,499828.0,0,49982.8,10.033,22781.07,28145054262,15170160509,617623,207,113746193
r50000-0s-tick5000-wt16,cand,4,1,50000,0s,5000,16,64,128,0-19,0,499841.0,0,49984.1,10.033,21812.33,27114212731,14318968917,573010,101,109752242
r50000-0s-tick5000-wt16,base,4,2,50000,0s,5000,16,64,128,0-19,0,255972.0,243808.0,25597.2,11.034,10620.46,13356398246,6934216566,258148,39,65043313
r50000-0s-tick5000-wt16,base,5,1,50000,0s,5000,16,64,128,0-19,0,255942.0,243867.0,25594.2,11.034,10260.90,12902289215,6746481272,247089,113,65036789
r50000-0s-tick5000-wt16,cand,5,2,50000,0s,5000,16,64,128,0-19,0,499802.0,0,49980.2,10.032,21545.99,26687091769,14242783261,572815,128,108822185
r150000-0s-tick5000-wt16,base,0,warmup,150000,0s,5000,16,64,128,0-19,0,256320.0,1243095.0,25632.0,11.033,9840.25,12505597591,7543778143,220910,249,65725147
r150000-0s-tick5000-wt16,cand,0,warmup,150000,0s,5000,16,64,128,0-19,0,970288.0,529112.0,97028.8,10.034,32565.02,41851641035,22410156002,785542,4225,164008197
r150000-0s-tick5000-wt16,base,1,1,150000,0s,5000,16,64,128,0-19,0,256379.0,1243122.0,25637.9,11.033,11240.81,14290702316,8571825410,259078,3220,70200749
r150000-0s-tick5000-wt16,cand,1,2,150000,0s,5000,16,64,128,0-19,0,960574.0,538808.0,96057.4,10.032,32401.27,41196402506,22114504761,789617,1073,165063510
r150000-0s-tick5000-wt16,cand,2,1,150000,0s,5000,16,64,128,0-19,0,959013.0,540422.0,95901.3,10.036,35331.61,45249207041,23929724581,904444,184,171427591
r150000-0s-tick5000-wt16,base,2,2,150000,0s,5000,16,64,128,0-19,0,256330.0,1243029.0,25633.0,11.033,10314.55,13185093460,7710579415,229935,181,66297704
r150000-0s-tick5000-wt16,base,3,1,150000,0s,5000,16,64,128,0-19,0,256381.0,1243006.0,25638.1,11.034,9719.28,12441399159,7397169284,212572,128,68758716
r150000-0s-tick5000-wt16,cand,3,2,150000,0s,5000,16,64,128,0-19,0,966937.0,532430.0,96693.7,10.034,34070.94,44283719776,23219728869,870125,147,167875107
r150000-0s-tick5000-wt16,cand,4,1,150000,0s,5000,16,64,128,0-19,0,961368.0,538124.0,96136.8,10.034,34292.76,44781301838,23825211895,864290,6112,172172385
r150000-0s-tick5000-wt16,base,4,2,150000,0s,5000,16,64,128,0-19,0,256425.0,1243050.0,25642.5,11.032,10693.47,13614219805,7937242772,243397,88,64687524
r150000-0s-tick5000-wt16,base,5,1,150000,0s,5000,16,64,128,0-19,0,256220.0,1243173.0,25622.0,11.034,10105.64,12861256939,7646600137,224359,172,66179572
r150000-0s-tick5000-wt16,cand,5,2,150000,0s,5000,16,64,128,0-19,0,968263.0,531239.0,96826.3,10.034,32589.46,42694730010,22696203984,831480,228,162893488
r250000-0s-tick5000-wt16,base,0,warmup,250000,0s,5000,16,64,128,0-19,0,257390.0,2241627.0,25739.0,11.034,11887.72,15145816730,9767193284,265676,625,69039340
r250000-0s-tick5000-wt16,cand,0,warmup,250000,0s,5000,16,64,128,0-19,0,974304.0,1524668.0,97430.4,10.033,33140.98,44099979889,23021237692,856323,113,164948400
r250000-0s-tick5000-wt16,base,1,1,250000,0s,5000,16,64,128,0-19,0,257113.0,2242072.0,25711.3,11.033,10475.48,13566898526,8752492894,219922,195,68594026
r250000-0s-tick5000-wt16,cand,1,2,250000,0s,5000,16,64,128,0-19,0,974014.0,1525069.0,97401.4,10.033,34562.69,43494257197,23320832436,857770,232,168619737
r250000-0s-tick5000-wt16,cand,2,1,250000,0s,5000,16,64,128,0-19,0,973951.0,1525202.0,97395.1,10.029,33975.98,44241737449,23336076942,858358,166,166101794
r250000-0s-tick5000-wt16,base,2,2,250000,0s,5000,16,64,128,0-19,0,257751.0,2241334.0,25775.1,11.032,10821.59,13857402217,8937391633,231258,166,68232396
r250000-0s-tick5000-wt16,base,3,1,250000,0s,5000,16,64,128,0-19,0,257455.0,2241532.0,25745.5,11.033,10863.21,13896279913,9219091285,240031,41,65186453
r250000-0s-tick5000-wt16,cand,3,2,250000,0s,5000,16,64,128,0-19,0,971133.0,1528057.0,97113.3,10.033,34431.59,46000429072,23818206473,905609,47,165772544
r250000-0s-tick5000-wt16,cand,4,1,250000,0s,5000,16,64,128,0-19,0,966279.0,1532795.0,96627.9,10.032,34645.12,45267837457,23588497956,886941,69,166090307
r250000-0s-tick5000-wt16,base,4,2,250000,0s,5000,16,64,128,0-19,0,257067.0,2241965.0,25706.7,11.033,9788.44,12698193168,8316151038,195232,51,71183021
r250000-0s-tick5000-wt16,base,5,1,250000,0s,5000,16,64,128,0-19,0,257121.0,2241949.0,25712.1,11.033,10187.54,13069995508,8571261918,209236,79,68661244
r250000-0s-tick5000-wt16,cand,5,2,250000,0s,5000,16,64,128,0-19,0,968146.0,1530835.0,96814.6,10.034,32792.12,42407187993,22210792112,804228,100,162378538
r50000-1ms-tick5000-wt16,base,0,warmup,50000,1ms,5000,16,512,1024,0-19,0,499794.0,0,49979.4,11.036,28228.64,35430076144,17898347561,716758,56,135375974
r50000-1ms-tick5000-wt16,cand,0,warmup,50000,1ms,5000,16,512,1024,0-19,0,499814.0,0,49981.4,10.034,58363.37,72013942158,39522292493,1665819,73,206158392
r50000-1ms-tick5000-wt16,base,1,1,50000,1ms,5000,16,512,1024,0-19,0,499841.0,0,49984.1,11.034,26696.46,33810385230,18419141269,729298,159,130882559
r50000-1ms-tick5000-wt16,cand,1,2,50000,1ms,5000,16,512,1024,0-19,0,499793.0,0,49979.3,10.035,56964.07,71262489445,38708906228,1626014,148,210584657
r50000-1ms-tick5000-wt16,cand,2,1,50000,1ms,5000,16,512,1024,0-19,0,499826.0,0,49982.6,10.035,57366.74,71924573479,38860758087,1637115,78,211519797
r50000-1ms-tick5000-wt16,base,2,2,50000,1ms,5000,16,512,1024,0-19,0,499805.0,0,49980.5,11.035,27293.15,34446423007,17192920271,675249,244,134921665
r50000-1ms-tick5000-wt16,base,3,1,50000,1ms,5000,16,512,1024,0-19,0,499811.0,0,49981.1,11.036,26561.95,34156146820,17347665176,694289,89,133702990
r50000-1ms-tick5000-wt16,cand,3,2,50000,1ms,5000,16,512,1024,0-19,0,499811.0,0,49981.1,10.034,55246.20,70505619962,38132636001,1607406,81,206908477
r50000-1ms-tick5000-wt16,cand,4,1,50000,1ms,5000,16,512,1024,0-19,0,499810.0,0,49981.0,10.034,61045.37,75280723661,41330502796,1816438,1854,222885886
r50000-1ms-tick5000-wt16,base,4,2,50000,1ms,5000,16,512,1024,0-19,0,499801.0,0,49980.1,11.036,27604.84,34463027682,17423611297,695367,68,133851569
r50000-1ms-tick5000-wt16,base,5,1,50000,1ms,5000,16,512,1024,0-19,0,499787.0,0,49978.7,11.036,28549.10,36122650661,18799582825,752339,76,135558387
r50000-1ms-tick5000-wt16,cand,5,2,50000,1ms,5000,16,512,1024,0-19,0,499788.0,0,49978.8,10.034,59789.95,75359838352,41097356533,1823309,69,219530651
r150000-1ms-tick5000-wt16,base,0,warmup,150000,1ms,5000,16,512,1024,0-19,0,1255582.0,243937.0,125558.2,11.038,94196.16,131957191770,70944898107,2855522,181,364009829
r150000-1ms-tick5000-wt16,cand,0,warmup,150000,1ms,5000,16,512,1024,0-19,0,1491251.0,8226.0,149125.1,10.035,90667.38,129304150236,69561981900,2863559,111,376560780
r150000-1ms-tick5000-wt16,base,1,1,150000,1ms,5000,16,512,1024,0-19,0,1252392.0,246963.0,125239.2,11.035,94060.62,133400065889,70404968193,2837496,144,366517100
r150000-1ms-tick5000-wt16,cand,1,2,150000,1ms,5000,16,512,1024,0-19,0,1499428.0,0,149942.8,10.036,91214.50,149211883535,78431649518,3193411,8195,422948329
r150000-1ms-tick5000-wt16,cand,2,1,150000,1ms,5000,16,512,1024,0-19,0,1486686.0,13134.0,148668.6,10.037,89747.10,126491075750,67985976007,2894146,186,369743139
r150000-1ms-tick5000-wt16,base,2,2,150000,1ms,5000,16,512,1024,0-19,0,1239048.0,260462.0,123904.8,11.036,93997.45,127672439869,69132775209,2736843,101,352588343
r150000-1ms-tick5000-wt16,base,3,1,150000,1ms,5000,16,512,1024,0-19,0,1194645.0,304904.0,119464.5,11.037,92966.75,126066954092,68190442351,2743843,122,342518719
r150000-1ms-tick5000-wt16,cand,3,2,150000,1ms,5000,16,512,1024,0-19,0,1494767.0,4650.0,149476.7,10.036,90695.32,135726593252,71955211651,2938247,185,386731264
r150000-1ms-tick5000-wt16,cand,4,1,150000,1ms,5000,16,512,1024,0-19,0,1499444.0,0,149944.4,10.033,80366.57,197766130687,98273475369,4253447,46290,545049185
r150000-1ms-tick5000-wt16,base,4,2,150000,1ms,5000,16,512,1024,0-19,0,1488912.0,10417.0,148891.2,11.034,83471.37,148007876988,77997889787,3145854,2973,437385713
r150000-1ms-tick5000-wt16,base,5,1,150000,1ms,5000,16,512,1024,0-19,0,1352283.0,147188.0,135228.3,11.035,93000.50,141158796752,73952299253,2956499,4176,409907134
r150000-1ms-tick5000-wt16,cand,5,2,150000,1ms,5000,16,512,1024,0-19,0,1499256.0,80.0,149925.6,10.032,86562.09,173330933664,88609537975,3772419,6134,475078550
r250000-1ms-tick5000-wt16,base,0,warmup,250000,1ms,5000,16,512,1024,0-19,0,1599017.0,899858.0,159901.7,11.034,92491.60,170803633491,89575135801,3691357,604,470138549
r250000-1ms-tick5000-wt16,cand,0,warmup,250000,1ms,5000,16,512,1024,0-19,0,2325585.0,172222.0,232558.5,10.034,92832.10,158375635431,82435868699,3214336,342,468045858
r250000-1ms-tick5000-wt16,base,1,1,250000,1ms,5000,16,512,1024,0-19,0,1324826.0,1174328.0,132482.6,11.039,96222.73,135191018984,72856743733,2840485,132,381190535
r250000-1ms-tick5000-wt16,cand,1,2,250000,1ms,5000,16,512,1024,0-19,0,2113531.0,385726.0,211353.1,10.040,91453.76,139198742466,72933482377,2925420,286,416687692
r250000-1ms-tick5000-wt16,cand,2,1,250000,1ms,5000,16,512,1024,0-19,0,2435361.0,63661.0,243536.1,10.035,91063.90,182253323512,92770967897,3756127,5590,530123945
r250000-1ms-tick5000-wt16,base,2,2,250000,1ms,5000,16,512,1024,0-19,0,1512051.0,986898.0,151205.1,11.036,91975.69,160431006398,85103163585,3435884,1151,446173096
r250000-1ms-tick5000-wt16,base,3,1,250000,1ms,5000,16,512,1024,0-19,0,1411148.0,1088032.0,141114.8,11.036,92235.97,152892700300,78762515567,3144478,20400,423907247
r250000-1ms-tick5000-wt16,cand,3,2,250000,1ms,5000,16,512,1024,0-19,0,1959807.0,539735.0,195980.7,10.039,91215.97,122241951423,65964285914,2524078,114,358784654
r250000-1ms-tick5000-wt16,cand,4,1,250000,1ms,5000,16,512,1024,0-19,0,2188097.0,310952.0,218809.7,10.036,92342.25,141163152151,74232125369,2878884,243,412808831
r250000-1ms-tick5000-wt16,base,4,2,250000,1ms,5000,16,512,1024,0-19,0,1312973.0,1186178.0,131297.3,11.041,95241.41,135696899369,72895622708,2857603,102,382645394
r250000-1ms-tick5000-wt16,base,5,1,250000,1ms,5000,16,512,1024,0-19,0,1512301.0,986645.0,151230.1,11.037,95880.05,144335113170,79637183068,3003166,86,420106491
r250000-1ms-tick5000-wt16,cand,5,2,250000,1ms,5000,16,512,1024,0-19,0,2292379.0,205500.0,229237.9,10.038,92476.64,151617974769,80235939300,3098854,272,453224687
lowrate-overwake,base,0,warmup,1000,1ms,5000,16,2000,2000,0-19,0,9995.0,0,999.5,11.038,345.15,408158033,242619601,9502,23,9987073
lowrate-overwake,cand,0,warmup,1000,1ms,5000,16,2000,2000,0-19,0,9996.0,0,999.6,10.039,89979.39,128434667183,69639872910,3023769,104,279019058
lowrate-overwake,base,1,1,1000,1ms,5000,16,2000,2000,0-19,0,9995.0,0,999.5,11.040,359.48,427451033,243656179,9508,23,10451458
lowrate-overwake,cand,1,2,1000,1ms,5000,16,2000,2000,0-19,0,9995.0,0,999.5,10.040,90435.25,125718527500,68474110615,2976814,84,276106290
lowrate-overwake,cand,2,1,1000,1ms,5000,16,2000,2000,0-19,0,9995.0,0,999.5,10.038,89123.72,123528835319,67083419860,3108118,107,286856660
lowrate-overwake,base,2,2,1000,1ms,5000,16,2000,2000,0-19,0,9996.0,0,999.6,11.038,357.61,426471024,242409498,9506,22,12924525
lowrate-overwake,base,3,1,1000,1ms,5000,16,2000,2000,0-19,0,9996.0,0,999.6,11.038,359.82,426604530,241948732,9138,26,13483854
lowrate-overwake,cand,3,2,1000,1ms,5000,16,2000,2000,0-19,0,9995.0,0,999.5,10.039,88353.99,125823137240,67744041505,3011337,133,279717355
lowrate-overwake,cand,4,1,1000,1ms,5000,16,2000,2000,0-19,0,9995.0,0,999.5,10.038,89284.63,124089123883,67572467560,2944601,138,277917339
lowrate-overwake,base,4,2,1000,1ms,5000,16,2000,2000,0-19,0,9991.0,0,999.1,11.036,341.92,401262012,250422408,9547,29,11570638
lowrate-overwake,base,5,1,1000,1ms,5000,16,2000,2000,0-19,0,9990.0,0,999.0,11.039,373.15,445271289,249053711,9695,24,12656145
lowrate-overwake,cand,5,2,1000,1ms,5000,16,2000,2000,0-19,0,9995.0,0,999.5,10.041,88337.55,119228378660,65194173412,2876977,118,267931933
